,date,fips,recip_county,recip_state,series_complete_pop_pct
0,2022-03-31T00:00:00.000,08101,Pueblo County,CO,56.5
1,2022-03-31T00:00:00.000,12049,Hardee County,FL,42.6
2,2022-03-31T00:00:00.000,12069,Lake County,FL,65.5
3,2022-03-31T00:00:00.000,12085,Martin County,FL,63.2
4,2022-03-31T00:00:00.000,13121,Fulton County,GA,56
5,2022-03-31T00:00:00.000,13145,Harris County,GA,48
6,2022-03-31T00:00:00.000,13289,Twiggs County,GA,53.7
7,2022-03-31T00:00:00.000,UNK,Unknown County,GA,
8,2022-03-31T00:00:00.000,19011,Benton County,IA,58.2
9,2022-03-31T00:00:00.000,18037,Dubois County,IN,57.1
10,2022-03-31T00:00:00.000,UNK,Unknown County,IN,
11,2022-03-31T00:00:00.000,20045,Douglas County,KS,61.1
12,2022-03-31T00:00:00.000,20183,Smith County,KS,44.7
13,2022-03-31T00:00:00.000,21041,Carroll County,KY,46.5
14,2022-03-31T00:00:00.000,21061,Edmonson County,KY,34.5
15,2022-03-31T00:00:00.000,22045,Iberia Parish,LA,46.8
16,2022-03-31T00:00:00.000,24011,Caroline County,MD,57.1
17,2022-03-31T00:00:00.000,24045,Wicomico County,MD,55.4
18,2022-03-31T00:00:00.000,23025,Somerset County,ME,61.4
19,2022-03-31T00:00:00.000,26065,Ingham County,MI,57
20,2022-03-31T00:00:00.000,27153,Todd County,MN,42.8
21,2022-03-31T00:00:00.000,37059,Davie County,NC,56.4
22,2022-03-31T00:00:00.000,37075,Graham County,NC,49.3
23,2022-03-31T00:00:00.000,38103,Wells County,ND,43.3
24,2022-03-31T00:00:00.000,34033,Salem County,NJ,55.2
25,2022-03-31T00:00:00.000,39089,Licking County,OH,54.6
26,2022-03-31T00:00:00.000,39113,Montgomery County,OH,56.3
27,2022-03-31T00:00:00.000,41009,Columbia County,OR,60.5
28,2022-03-31T00:00:00.000,41013,Crook County,OR,50.8
29,2022-03-31T00:00:00.000,41045,Malheur County,OR,47.9
30,2022-03-31T00:00:00.000,42025,Carbon County,PA,60.2
31,2022-03-31T00:00:00.000,72095,Maunabo Municipio,PR,76.4
32,2022-03-31T00:00:00.000,47051,Franklin County,TN,41
33,2022-03-31T00:00:00.000,47055,Giles County,TN,39.2
34,2022-03-31T00:00:00.000,48161,Freestone County,TX,38.7
35,2022-03-31T00:00:00.000,48313,Madison County,TX,41.5
36,2022-03-31T00:00:00.000,48429,Stephens County,TX,36.8
37,2022-03-31T00:00:00.000,51003,Albemarle County,VA,64.5
38,2022-03-31T00:00:00.000,51043,Clarke County,VA,63.6
39,2022-03-31T00:00:00.000,51069,Frederick County,VA,47.8
40,2022-03-31T00:00:00.000,51199,York County,VA,67.1
41,2022-03-31T00:00:00.000,53065,Stevens County,WA,39.1
42,2022-03-31T00:00:00.000,53075,Whitman County,WA,46.5
43,2022-03-31T00:00:00.000,55089,Ozaukee County,WI,71.4
44,2022-03-31T00:00:00.000,55137,Waushara County,WI,44.7
45,2022-03-31T00:00:00.000,54029,Hancock County,WV,66
46,2022-03-31T00:00:00.000,02020,Anchorage Municipality,AK,67
47,2022-03-31T00:00:00.000,02130,Ketchikan Gateway Borough,AK,65.5
48,2022-03-31T00:00:00.000,02220,Sitka City and Borough,AK,78.5
49,2022-03-31T00:00:00.000,02261,Valdez-Cordova Census Area,AK,62.8
50,2022-03-31T00:00:00.000,01027,Clay County,AL,41.5
51,2022-03-31T00:00:00.000,01095,Marshall County,AL,45.5
52,2022-03-31T00:00:00.000,05023,Cleburne County,AR,44.2
53,2022-03-31T00:00:00.000,06003,Alpine County,CA,
54,2022-03-31T00:00:00.000,06009,Calaveras County,CA,53.8
55,2022-03-31T00:00:00.000,01071,Jackson County,AL,49.1
56,2022-03-31T00:00:00.000,05025,Cleveland County,AR,52.7
57,2022-03-31T00:00:00.000,08011,Bent County,CO,26.7
58,2022-03-31T00:00:00.000,09001,Fairfield County,CT,80.8
59,2022-03-31T00:00:00.000,12057,Hillsborough County,FL,62.4
60,2022-03-31T00:00:00.000,13113,Fayette County,GA,61.8
61,2022-03-31T00:00:00.000,13219,Oconee County,GA,56.8
62,2022-03-31T00:00:00.000,19173,Taylor County,IA,46.8
63,2022-03-31T00:00:00.000,16051,Jefferson County,ID,42.8
64,2022-03-31T00:00:00.000,18105,Monroe County,IN,58.5
65,2022-03-31T00:00:00.000,20059,Franklin County,KS,51
66,2022-03-31T00:00:00.000,20143,Ottawa County,KS,43.9
67,2022-03-31T00:00:00.000,20185,Stafford County,KS,46.3
68,2022-03-31T00:00:00.000,21001,Adair County,KY,39.1
69,2022-03-31T00:00:00.000,21049,Clark County,KY,54.3
70,2022-03-31T00:00:00.000,21105,Hickman County,KY,37.3
71,2022-03-31T00:00:00.000,26053,Gogebic County,MI,63
72,2022-03-31T00:00:00.000,27149,Stevens County,MN,57.7
73,2022-03-31T00:00:00.000,29023,Butler County,MO,34.3
74,2022-03-31T00:00:00.000,29117,Livingston County,MO,42.8
75,2022-03-31T00:00:00.000,28027,Coahoma County,MS,51.4
76,2022-03-31T00:00:00.000,28119,Quitman County,MS,53.7
77,2022-03-31T00:00:00.000,30025,Fallon County,MT,34.3
78,2022-03-31T00:00:00.000,37003,Alexander County,NC,45.5
79,2022-03-31T00:00:00.000,37069,Franklin County,NC,51.3
80,2022-03-31T00:00:00.000,37193,Wilkes County,NC,46.5
81,2022-03-31T00:00:00.000,31033,Cheyenne County,NE,42.7
82,2022-03-31T00:00:00.000,31069,Garden County,NE,45.3
83,2022-03-31T00:00:00.000,34009,Cape May County,NJ,73.3
84,2022-03-31T00:00:00.000,34021,Mercer County,NJ,70.6
85,2022-03-31T00:00:00.000,36095,Schoharie County,NY,56.7
86,2022-03-31T00:00:00.000,42091,Montgomery County,PA,75.7
87,2022-03-31T00:00:00.000,72079,Lajas Municipio,PR,78.4
88,2022-03-31T00:00:00.000,72111,Penuelas Municipio,PR,83.3
89,2022-03-31T00:00:00.000,44005,Newport County,RI,74.4
90,2022-03-31T00:00:00.000,46069,Hyde County,SD,53.9
91,2022-03-31T00:00:00.000,48101,Cottle County,TX,32.4
92,2022-03-31T00:00:00.000,48447,Throckmorton County,TX,41
93,2022-03-31T00:00:00.000,49007,Carbon County,UT,49.6
94,2022-03-31T00:00:00.000,49037,San Juan County,UT,64.7
95,2022-03-31T00:00:00.000,55105,Rock County,WI,68.9
96,2022-03-31T00:00:00.000,54043,Lincoln County,WV,50.6
97,2022-03-31T00:00:00.000,54093,Tucker County,WV,60.5
98,2022-03-31T00:00:00.000,01047,Dallas County,AL,45.1
99,2022-03-31T00:00:00.000,01055,Etowah County,AL,40.9
100,2022-03-31T00:00:00.000,19007,Appanoose County,IA,47.2
101,2022-03-31T00:00:00.000,19041,Clay County,IA,51.7
102,2022-03-31T00:00:00.000,19059,Dickinson County,IA,57.9
103,2022-03-31T00:00:00.000,19121,Madison County,IA,53.9
104,2022-03-31T00:00:00.000,17109,McDonough County,IL,47.7
105,2022-03-31T00:00:00.000,18007,Benton County,IN,41.7
106,2022-03-31T00:00:00.000,18043,Floyd County,IN,56.4
107,2022-03-31T00:00:00.000,18121,Parke County,IN,39.5
108,2022-03-31T00:00:00.000,20167,Russell County,KS,42.9
109,2022-03-31T00:00:00.000,21035,Calloway County,KY,45.4
110,2022-03-31T00:00:00.000,21053,Clinton County,KY,40.6
111,2022-03-31T00:00:00.000,21113,Jessamine County,KY,53.6
112,2022-03-31T00:00:00.000,26079,Kalkaska County,MI,46.6
113,2022-03-31T00:00:00.000,26087,Lapeer County,MI,47.4
114,2022-03-31T00:00:00.000,26123,Newaygo County,MI,44.5
115,2022-03-31T00:00:00.000,27051,Grant County,MN,54.9
116,2022-03-31T00:00:00.000,29079,Grundy County,MO,35.2
117,2022-03-31T00:00:00.000,28023,Clarke County,MS,56.7
118,2022-03-31T00:00:00.000,28111,Perry County,MS,37.8
119,2022-03-31T00:00:00.000,30077,Powell County,MT,45.1
120,2022-03-31T00:00:00.000,31013,Box Butte County,NE,33.8
121,2022-03-31T00:00:00.000,31133,Pawnee County,NE,43.2
122,2022-03-31T00:00:00.000,33017,Strafford County,NH,62.5
123,2022-03-31T00:00:00.000,36057,Montgomery County,NY,66.6
124,2022-03-31T00:00:00.000,39121,Noble County,OH,43.4
125,2022-03-31T00:00:00.000,39145,Scioto County,OH,49.2
126,2022-03-31T00:00:00.000,41063,Wallowa County,OR,58.9
127,2022-03-31T00:00:00.000,42023,Cameron County,PA,54.7
128,2022-03-31T00:00:00.000,45057,Lancaster County,SC,45.4
129,2022-03-31T00:00:00.000,45059,Laurens County,SC,38.5
130,2022-03-31T00:00:00.000,45087,Union County,SC,41.6
131,2022-03-31T00:00:00.000,47029,Cocke County,TN,49.5
132,2022-03-31T00:00:00.000,47093,Knox County,TN,59.9
133,2022-03-31T00:00:00.000,47105,Loudon County,TN,63.5
134,2022-03-31T00:00:00.000,48027,Bell County,TX,60.3
135,2022-03-31T00:00:00.000,48071,Chambers County,TX,47.8
136,2022-03-31T00:00:00.000,48213,Henderson County,TX,39.1
137,2022-03-31T00:00:00.000,48291,Liberty County,TX,42.1
138,2022-03-31T00:00:00.000,48455,Trinity County,TX,39.4
139,2022-03-31T00:00:00.000,51051,Dickenson County,VA,46.6
140,2022-03-31T00:00:00.000,51059,Fairfax County,VA,76.1
141,2022-03-31T00:00:00.000,51610,Falls Church city,VA,55
142,2022-03-31T00:00:00.000,51770,Roanoke city,VA,41
143,2022-03-31T00:00:00.000,55075,Marinette County,WI,52.7
144,2022-03-31T00:00:00.000,54045,Logan County,WV,56.2
145,2022-03-31T00:00:00.000,54051,Marshall County,WV,44.7
146,2022-03-31T00:00:00.000,20005,Atchison County,KS,46.3
147,2022-03-31T00:00:00.000,20203,Wichita County,KS,51.1
148,2022-03-31T00:00:00.000,21079,Garrard County,KY,48.1
149,2022-03-31T00:00:00.000,25009,Essex County,MA,73.4
150,2022-03-31T00:00:00.000,26047,Emmet County,MI,72.2
151,2022-03-31T00:00:00.000,26157,Tuscola County,MI,45.9
152,2022-03-31T00:00:00.000,UNK,Unknown County,MI,
153,2022-03-31T00:00:00.000,29135,Moniteau County,MO,35.7
154,2022-03-31T00:00:00.000,29225,Webster County,MO,42.3
155,2022-03-31T00:00:00.000,28047,Harrison County,MS,54.9
156,2022-03-31T00:00:00.000,28073,Lamar County,MS,59.3
157,2022-03-31T00:00:00.000,37095,Hyde County,NC,66.2
158,2022-03-31T00:00:00.000,37147,Pitt County,NC,53.5
159,2022-03-31T00:00:00.000,37151,Randolph County,NC,43.9
160,2022-03-31T00:00:00.000,39069,Henry County,OH,53.8
161,2022-03-31T00:00:00.000,40043,Dewey County,OK,25.2
162,2022-03-31T00:00:00.000,41029,Jackson County,OR,57.9
163,2022-03-31T00:00:00.000,42009,Bedford County,PA,38.8
164,2022-03-31T00:00:00.000,42101,Philadelphia County,PA,68.7
165,2022-03-31T00:00:00.000,72015,Arroyo Municipio,PR,75.1
166,2022-03-31T00:00:00.000,72081,Lares Municipio,PR,93.8
167,2022-03-31T00:00:00.000,72145,Vega Baja Municipio,PR,83.6
168,2022-03-31T00:00:00.000,46011,Brookings County,SD,51.6
169,2022-03-31T00:00:00.000,46037,Day County,SD,65
170,2022-03-31T00:00:00.000,46105,Perkins County,SD,32.1
171,2022-03-31T00:00:00.000,46127,Union County,SD,51.1
172,2022-03-31T00:00:00.000,47001,Anderson County,TN,55.7
173,2022-03-31T00:00:00.000,47121,Meigs County,TN,68
174,2022-03-31T00:00:00.000,48097,Cooke County,TX,37.7
175,2022-03-31T00:00:00.000,48145,Falls County,TX,47.7
176,2022-03-31T00:00:00.000,48251,Johnson County,TX,45.9
177,2022-03-31T00:00:00.000,48345,Motley County,TX,30
178,2022-03-31T00:00:00.000,48347,Nacogdoches County,TX,47.4
179,2022-03-31T00:00:00.000,53043,Lincoln County,WA,57.6
180,2022-03-31T00:00:00.000,04007,Gila County,AZ,59
181,2022-03-31T00:00:00.000,08065,Lake County,CO,59.6
182,2022-03-31T00:00:00.000,13209,Montgomery County,GA,35.6
183,2022-03-31T00:00:00.000,13213,Murray County,GA,37
184,2022-03-31T00:00:00.000,19139,Muscatine County,IA,60.5
185,2022-03-31T00:00:00.000,17087,Johnson County,IL,52.1
186,2022-03-31T00:00:00.000,17131,Mercer County,IL,60.2
187,2022-03-31T00:00:00.000,17151,Pope County,IL,35.7
188,2022-03-31T00:00:00.000,17185,Wabash County,IL,49
189,2022-03-31T00:00:00.000,18071,Jackson County,IN,52.9
190,2022-03-31T00:00:00.000,18181,White County,IN,54.4
191,2022-03-31T00:00:00.000,01005,Barbour County,AL,45.1
192,2022-03-31T00:00:00.000,05011,Bradley County,AR,56.7
193,2022-03-31T00:00:00.000,04003,Cochise County,AZ,64.2
194,2022-03-31T00:00:00.000,08063,Kit Carson County,CO,38.7
195,2022-03-31T00:00:00.000,08119,Teller County,CO,53.9
196,2022-03-31T00:00:00.000,12077,Liberty County,FL,34.1
197,2022-03-31T00:00:00.000,16025,Camas County,ID,43
198,2022-03-31T00:00:00.000,17015,Carroll County,IL,64.7
199,2022-03-31T00:00:00.000,20139,Osage County,KS,50.9
200,2022-03-31T00:00:00.000,21107,Hopkins County,KY,51.5
201,2022-03-31T00:00:00.000,21229,Washington County,KY,50.7
202,2022-03-31T00:00:00.000,22093,St. James Parish,LA,51.7
203,2022-03-31T00:00:00.000,25021,Norfolk County,MA,78.5
204,2022-03-31T00:00:00.000,24041,Talbot County,MD,72.8
205,2022-03-31T00:00:00.000,26155,Shiawassee County,MI,51.2
206,2022-03-31T00:00:00.000,27019,Carver County,MN,67.2
207,2022-03-31T00:00:00.000,29005,Atchison County,MO,55.8
208,2022-03-31T00:00:00.000,29119,McDonald County,MO,32.8
209,2022-03-31T00:00:00.000,30037,Golden Valley County,MT,46
210,2022-03-31T00:00:00.000,30071,Phillips County,MT,43.8
211,2022-03-31T00:00:00.000,37091,Hertford County,NC,48
212,2022-03-31T00:00:00.000,37155,Robeson County,NC,42.1
213,2022-03-31T00:00:00.000,38051,McIntosh County,ND,43.4
214,2022-03-31T00:00:00.000,31007,Banner County,NE,32.5
215,2022-03-31T00:00:00.000,31055,Douglas County,NE,66.3
216,2022-03-31T00:00:00.000,31095,Jefferson County,NE,55.2
217,2022-03-31T00:00:00.000,32029,Storey County,NV,22.2
218,2022-03-31T00:00:00.000,36017,Chenango County,NY,60.9
219,2022-03-31T00:00:00.000,39003,Allen County,OH,43.4
220,2022-03-31T00:00:00.000,40127,Pushmataha County,OK,36
221,2022-03-31T00:00:00.000,72057,Guayama Municipio,PR,72.2
222,2022-03-31T00:00:00.000,45011,Barnwell County,SC,55.9
223,2022-03-31T00:00:00.000,46005,Beadle County,SD,48.9
224,2022-03-31T00:00:00.000,47021,Cheatham County,TN,58.5
225,2022-03-31T00:00:00.000,47141,Putnam County,TN,50.9
226,2022-03-31T00:00:00.000,48083,Coleman County,TX,37
227,2022-03-31T00:00:00.000,48089,Colorado County,TX,52.8
228,2022-03-31T00:00:00.000,48379,Rains County,TX,37
229,2022-03-31T00:00:00.000,48407,San Jacinto County,TX,34.4
230,2022-03-31T00:00:00.000,48469,Victoria County,TX,48.4
231,2022-03-31T00:00:00.000,49045,Tooele County,UT,58.5
232,2022-03-31T00:00:00.000,51103,Lancaster County,VA,60
233,2022-03-31T00:00:00.000,51620,Franklin city,VA,38.4
234,2022-03-31T00:00:00.000,55059,Kenosha County,WI,59.9
235,2022-03-31T00:00:00.000,54037,Jefferson County,WV,62.9
236,2022-03-31T00:00:00.000,54041,Lewis County,WV,57.5
237,2022-03-31T00:00:00.000,54073,Pleasants County,WV,52
238,2022-03-31T00:00:00.000,54101,Webster County,WV,47.5
239,2022-03-31T00:00:00.000,56037,Sweetwater County,WY,49.5
240,2022-03-31T00:00:00.000,01019,Cherokee County,AL,30.5
241,2022-03-31T00:00:00.000,01069,Houston County,AL,43
242,2022-03-31T00:00:00.000,05003,Ashley County,AR,49.8
243,2022-03-31T00:00:00.000,05069,Jefferson County,AR,44.3
244,2022-03-31T00:00:00.000,06045,Mendocino County,CA,67.3
245,2022-03-31T00:00:00.000,06103,Tehama County,CA,42.6
246,2022-03-31T00:00:00.000,13143,Haralson County,GA,33.3
247,2022-03-31T00:00:00.000,13261,Sumter County,GA,51.6
248,2022-03-31T00:00:00.000,17091,Kankakee County,IL,52.2
249,2022-03-31T00:00:00.000,18127,Porter County,IN,56.7
250,2022-03-31T00:00:00.000,20041,Dickinson County,KS,56.1
251,2022-03-31T00:00:00.000,21023,Bracken County,KY,47.1
252,2022-03-31T00:00:00.000,22099,St. Martin Parish,LA,40.2
253,2022-03-31T00:00:00.000,26099,Macomb County,MI,56.7
254,2022-03-31T00:00:00.000,29051,Cole County,MO,52.5
255,2022-03-31T00:00:00.000,29067,Douglas County,MO,24.1
256,2022-03-31T00:00:00.000,28001,Adams County,MS,54.7
257,2022-03-31T00:00:00.000,28009,Benton County,MS,51.4
258,2022-03-31T00:00:00.000,28017,Chickasaw County,MS,48.3
259,2022-03-31T00:00:00.000,28081,Lee County,MS,43.4
260,2022-03-31T00:00:00.000,28101,Newton County,MS,53.2
261,2022-03-31T00:00:00.000,30021,Dawson County,MT,37.6
262,2022-03-31T00:00:00.000,30043,Jefferson County,MT,50.2
263,2022-03-31T00:00:00.000,37085,Harnett County,NC,41.9
264,2022-03-31T00:00:00.000,37129,New Hanover County,NC,62.6
265,2022-03-31T00:00:00.000,37181,Vance County,NC,56.4
266,2022-03-31T00:00:00.000,38015,Burleigh County,ND,50.3
267,2022-03-31T00:00:00.000,38097,Traill County,ND,53.7
268,2022-03-31T00:00:00.000,35007,Colfax County,NM,61.6
269,2022-03-31T00:00:00.000,32013,Humboldt County,NV,42
270,2022-03-31T00:00:00.000,40037,Creek County,OK,43.4
271,2022-03-31T00:00:00.000,40137,Stephens County,OK,47.3
272,2022-03-31T00:00:00.000,42043,Dauphin County,PA,62.8
273,2022-03-31T00:00:00.000,42095,Northampton County,PA,67.7
274,2022-03-31T00:00:00.000,42099,Perry County,PA,48.5
275,2022-03-31T00:00:00.000,42107,Schuylkill County,PA,60.1
276,2022-03-31T00:00:00.000,72113,Ponce Municipio,PR,86.6
277,2022-03-31T00:00:00.000,46053,Gregory County,SD,50.1
278,2022-03-31T00:00:00.000,47057,Grainger County,TN,48.9
279,2022-03-31T00:00:00.000,48111,Dallam County,TX,44.4
280,2022-03-31T00:00:00.000,48121,Denton County,TX,61.3
281,2022-03-31T00:00:00.000,48149,Fayette County,TX,50
282,2022-03-31T00:00:00.000,48399,Runnels County,TX,44.4
283,2022-03-31T00:00:00.000,48497,Wise County,TX,38.9
284,2022-03-31T00:00:00.000,49015,Emery County,UT,46
285,2022-03-31T00:00:00.000,49053,Washington County,UT,51.9
286,2022-03-31T00:00:00.000,49055,Wayne County,UT,53.8
287,2022-03-31T00:00:00.000,51155,Pulaski County,VA,43.7
288,2022-03-31T00:00:00.000,51800,Suffolk city,VA,53.3
289,2022-03-31T00:00:00.000,51830,Williamsburg city,VA,39.7
290,2022-03-31T00:00:00.000,53039,Klickitat County,WA,47.3
291,2022-03-31T00:00:00.000,55013,Burnett County,WI,56.7
292,2022-03-31T00:00:00.000,55119,Taylor County,WI,35.4
293,2022-03-31T00:00:00.000,54105,Wirt County,WV,47.7
294,2022-03-31T00:00:00.000,01011,Bullock County,AL,53.2
295,2022-03-31T00:00:00.000,04017,Navajo County,AZ,76.8
296,2022-03-31T00:00:00.000,13089,DeKalb County,GA,55.9
297,2022-03-31T00:00:00.000,13115,Floyd County,GA,42.1
298,2022-03-31T00:00:00.000,13155,Irwin County,GA,36.4
299,2022-03-31T00:00:00.000,13205,Mitchell County,GA,47.3
300,2022-03-31T00:00:00.000,19133,Monona County,IA,53.7
301,2022-03-31T00:00:00.000,UNK,Unknown County,IA,
302,2022-03-31T00:00:00.000,16059,Lemhi County,ID,47
303,2022-03-31T00:00:00.000,17105,Livingston County,IL,50.7
304,2022-03-31T00:00:00.000,17157,Randolph County,IL,52.4
305,2022-03-31T00:00:00.000,18001,Adams County,IN,32.9
306,2022-03-31T00:00:00.000,18125,Pike County,IN,57.4
307,2022-03-31T00:00:00.000,20013,Brown County,KS,60.7
308,2022-03-31T00:00:00.000,21181,Nicholas County,KY,52.9
309,2022-03-31T00:00:00.000,21195,Pike County,KY,52.7
310,2022-03-31T00:00:00.000,21199,Pulaski County,KY,46
311,2022-03-31T00:00:00.000,25015,Hampshire County,MA,66.2
312,2022-03-31T00:00:00.000,UNK,Unknown County,MA,
313,2022-03-31T00:00:00.000,27025,Chisago County,MN,57.2
314,2022-03-31T00:00:00.000,29011,Barton County,MO,33
315,2022-03-31T00:00:00.000,28025,Clay County,MS,46.5
316,2022-03-31T00:00:00.000,28149,Warren County,MS,57.3
317,2022-03-31T00:00:00.000,30065,Musselshell County,MT,34.8
318,2022-03-31T00:00:00.000,30099,Teton County,MT,41.6
319,2022-03-31T00:00:00.000,37053,Currituck County,NC,58.9
320,2022-03-31T00:00:00.000,37135,Orange County,NC,77.1
321,2022-03-31T00:00:00.000,31163,Sherman County,NE,39.4
322,2022-03-31T00:00:00.000,35027,Lincoln County,NM,58.3
323,2022-03-31T00:00:00.000,32019,Lyon County,NV,41.6
324,2022-03-31T00:00:00.000,40017,Canadian County,OK,57.7
325,2022-03-31T00:00:00.000,42031,Clarion County,PA,43.7
326,2022-03-31T00:00:00.000,42127,Wayne County,PA,60.5
327,2022-03-31T00:00:00.000,UNK,Unknown County,PA,
328,2022-03-31T00:00:00.000,45017,Calhoun County,SC,40.8
329,2022-03-31T00:00:00.000,45081,Saluda County,SC,30.2
330,2022-03-31T00:00:00.000,47017,Carroll County,TN,48.3
331,2022-03-31T00:00:00.000,47019,Carter County,TN,40.2
332,2022-03-31T00:00:00.000,47145,Roane County,TN,44.3
333,2022-03-31T00:00:00.000,48029,Bexar County,TX,69
334,2022-03-31T00:00:00.000,48059,Callahan County,TX,41.9
335,2022-03-31T00:00:00.000,48191,Hall County,TX,43.5
336,2022-03-31T00:00:00.000,48215,Hidalgo County,TX,72.7
337,2022-03-31T00:00:00.000,48223,Hopkins County,TX,39.2
338,2022-03-31T00:00:00.000,48343,Morris County,TX,42.8
339,2022-03-31T00:00:00.000,48363,Palo Pinto County,TX,38.7
340,2022-03-31T00:00:00.000,48389,Reeves County,TX,57.9
341,2022-03-31T00:00:00.000,48397,Rockwall County,TX,58.3
342,2022-03-31T00:00:00.000,49023,Juab County,UT,36.5
343,2022-03-31T00:00:00.000,49039,Sanpete County,UT,40.8
344,2022-03-31T00:00:00.000,51047,Culpeper County,VA,48
345,2022-03-31T00:00:00.000,51081,Greensville County,VA,36.1
346,2022-03-31T00:00:00.000,51125,Nelson County,VA,56
347,2022-03-31T00:00:00.000,51840,Winchester city,VA,42.6
348,2022-03-31T00:00:00.000,53015,Cowlitz County,WA,58.7
349,2022-03-31T00:00:00.000,53041,Lewis County,WA,51.1
350,2022-03-31T00:00:00.000,55078,Menominee County,WI,79.7
351,2022-03-31T00:00:00.000,56007,Carbon County,WY,45.8
352,2022-03-31T00:00:00.000,56013,Fremont County,WY,61.5
353,2022-03-31T00:00:00.000,56031,Platte County,WY,41
354,2022-03-31T00:00:00.000,26019,Benzie County,MI,62.8
355,2022-03-31T00:00:00.000,26033,Chippewa County,MI,69.5
356,2022-03-31T00:00:00.000,26093,Livingston County,MI,60
357,2022-03-31T00:00:00.000,27079,Le Sueur County,MN,49.1
358,2022-03-31T00:00:00.000,27115,Pine County,MN,48.8
359,2022-03-31T00:00:00.000,27137,St. Louis County,MN,66.3
360,2022-03-31T00:00:00.000,28079,Leake County,MS,48.3
361,2022-03-31T00:00:00.000,28099,Neshoba County,MS,41.3
362,2022-03-31T00:00:00.000,30111,Yellowstone County,MT,51.5
363,2022-03-31T00:00:00.000,37121,Mitchell County,NC,49.7
364,2022-03-31T00:00:00.000,35057,Torrance County,NM,48.2
365,2022-03-31T00:00:00.000,32031,Washoe County,NV,63.9
366,2022-03-31T00:00:00.000,39001,Adams County,OH,34.8
367,2022-03-31T00:00:00.000,39117,Morrow County,OH,41.5
368,2022-03-31T00:00:00.000,40101,Muskogee County,OK,51.4
369,2022-03-31T00:00:00.000,72127,San Juan Municipio,PR,83
370,2022-03-31T00:00:00.000,46021,Campbell County,SD,46.9
371,2022-03-31T00:00:00.000,47027,Clay County,TN,29.1
372,2022-03-31T00:00:00.000,01045,Dale County,AL,47.6
373,2022-03-31T00:00:00.000,01075,Lamar County,AL,43.8
374,2022-03-31T00:00:00.000,04015,Mohave County,AZ,41.2
375,2022-03-31T00:00:00.000,06023,Humboldt County,CA,65.6
376,2022-03-31T00:00:00.000,08009,Baca County,CO,39
377,2022-03-31T00:00:00.000,12073,Leon County,FL,56.4
378,2022-03-31T00:00:00.000,13015,Bartow County,GA,37.1
379,2022-03-31T00:00:00.000,13119,Franklin County,GA,35.8
380,2022-03-31T00:00:00.000,13177,Lee County,GA,46
381,2022-03-31T00:00:00.000,16019,Bonneville County,ID,53.3
382,2022-03-31T00:00:00.000,17089,Kane County,IL,66.9
383,2022-03-31T00:00:00.000,18165,Vermillion County,IN,46.6
384,2022-03-31T00:00:00.000,20095,Kingman County,KS,46.8
385,2022-03-31T00:00:00.000,25007,Dukes County,MA,
386,2022-03-31T00:00:00.000,47065,Hamilton County,TN,56.2
387,2022-03-31T00:00:00.000,47157,Shelby County,TN,55.2
388,2022-03-31T00:00:00.000,48239,Jackson County,TX,45
389,2022-03-31T00:00:00.000,48319,Mason County,TX,47.7
390,2022-03-31T00:00:00.000,48369,Parmer County,TX,40.7
391,2022-03-31T00:00:00.000,48491,Williamson County,TX,68.2
392,2022-03-31T00:00:00.000,49001,Beaver County,UT,47.5
393,2022-03-31T00:00:00.000,50003,Bennington County,VT,42.9
394,2022-03-31T00:00:00.000,53025,Grant County,WA,57
395,2022-03-31T00:00:00.000,55103,Richland County,WI,58.6
396,2022-03-31T00:00:00.000,54053,Mason County,WV,49.3
397,2022-03-31T00:00:00.000,01013,Butler County,AL,39.3
398,2022-03-31T00:00:00.000,01029,Cleburne County,AL,28.7
399,2022-03-31T00:00:00.000,05021,Clay County,AR,45.5
400,2022-03-31T00:00:00.000,08083,Montezuma County,CO,68.6
401,2022-03-31T00:00:00.000,12127,Volusia County,FL,59.3
402,2022-03-31T00:00:00.000,13181,Lincoln County,GA,45.8
403,2022-03-31T00:00:00.000,13277,Tift County,GA,40.2
404,2022-03-31T00:00:00.000,13303,Washington County,GA,43.9
405,2022-03-31T00:00:00.000,16015,Boise County,ID,33.6
406,2022-03-31T00:00:00.000,17067,Hancock County,IL,47.9
407,2022-03-31T00:00:00.000,17119,Madison County,IL,61.9
408,2022-03-31T00:00:00.000,17203,Woodford County,IL,54.6
409,2022-03-31T00:00:00.000,21185,Oldham County,KY,57.1
410,2022-03-31T00:00:00.000,21207,Russell County,KY,45.7
411,2022-03-31T00:00:00.000,22105,Tangipahoa Parish,LA,46.3
412,2022-03-31T00:00:00.000,24015,Cecil County,MD,57.9
413,2022-03-31T00:00:00.000,26067,Ionia County,MI,47.1
414,2022-03-31T00:00:00.000,26159,Van Buren County,MI,57.1
415,2022-03-31T00:00:00.000,28015,Carroll County,MS,41.1
416,2022-03-31T00:00:00.000,28077,Lawrence County,MS,55.1
417,2022-03-31T00:00:00.000,30009,Carbon County,MT,47
418,2022-03-31T00:00:00.000,37041,Chowan County,NC,56.1
419,2022-03-31T00:00:00.000,37107,Lenoir County,NC,54
420,2022-03-31T00:00:00.000,31039,Cuming County,NE,53
421,2022-03-31T00:00:00.000,31121,Merrick County,NE,43.5
422,2022-03-31T00:00:00.000,31139,Pierce County,NE,37.2
423,2022-03-31T00:00:00.000,33007,Coos County,NH,66.1
424,2022-03-31T00:00:00.000,35001,Bernalillo County,NM,69.6
425,2022-03-31T00:00:00.000,35037,Quay County,NM,49.8
426,2022-03-31T00:00:00.000,36091,Saratoga County,NY,78.9
427,2022-03-31T00:00:00.000,39075,Holmes County,OH,18
428,2022-03-31T00:00:00.000,39149,Shelby County,OH,35.9
429,2022-03-31T00:00:00.000,40089,McCurtain County,OK,35.8
430,2022-03-31T00:00:00.000,41017,Deschutes County,OR,68.7
431,2022-03-31T00:00:00.000,41053,Polk County,OR,63.1
432,2022-03-31T00:00:00.000,45013,Beaufort County,SC,64.6
433,2022-03-31T00:00:00.000,45019,Charleston County,SC,65.3
434,2022-03-31T00:00:00.000,45053,Jasper County,SC,37.3
435,2022-03-31T00:00:00.000,UNK,Unknown County,SC,
436,2022-03-31T00:00:00.000,46089,McPherson County,SD,40.1
437,2022-03-31T00:00:00.000,47059,Greene County,TN,46.1
438,2022-03-31T00:00:00.000,47091,Johnson County,TN,37
439,2022-03-31T00:00:00.000,47147,Robertson County,TN,51.9
440,2022-03-31T00:00:00.000,48061,Cameron County,TX,78.6
441,2022-03-31T00:00:00.000,48195,Hansford County,TX,42.1
442,2022-03-31T00:00:00.000,48461,Upton County,TX,40.7
443,2022-03-31T00:00:00.000,48471,Walker County,TX,48
444,2022-03-31T00:00:00.000,48477,Washington County,TX,50.5
445,2022-03-31T00:00:00.000,56045,Weston County,WY,37.7
446,2022-03-31T00:00:00.000,19021,Buena Vista County,IA,67.6
447,2022-03-31T00:00:00.000,19087,Henry County,IA,53.6
448,2022-03-31T00:00:00.000,16023,Butte County,ID,48.9
449,2022-03-31T00:00:00.000,17021,Christian County,IL,49
450,2022-03-31T00:00:00.000,17167,Sangamon County,IL,64.7
451,2022-03-31T00:00:00.000,18017,Cass County,IN,45.4
452,2022-03-31T00:00:00.000,18081,Johnson County,IN,58.2
453,2022-03-31T00:00:00.000,18147,Spencer County,IN,44.3
454,2022-03-31T00:00:00.000,20015,Butler County,KS,48.5
455,2022-03-31T00:00:00.000,20125,Montgomery County,KS,45.5
456,2022-03-31T00:00:00.000,20169,Saline County,KS,50.2
457,2022-03-31T00:00:00.000,20175,Seward County,KS,45.7
458,2022-03-31T00:00:00.000,21133,Letcher County,KY,53
459,2022-03-31T00:00:00.000,21191,Pendleton County,KY,44
460,2022-03-31T00:00:00.000,22033,East Baton Rouge Parish,LA,55.8
461,2022-03-31T00:00:00.000,22089,St. Charles Parish,LA,56.6
462,2022-03-31T00:00:00.000,22091,St. Helena Parish,LA,31.4
463,2022-03-31T00:00:00.000,26129,Ogemaw County,MI,45.2
464,2022-03-31T00:00:00.000,26163,Wayne County,MI,54
465,2022-03-31T00:00:00.000,28063,Jefferson County,MS,70.7
466,2022-03-31T00:00:00.000,30029,Flathead County,MT,42.4
467,2022-03-31T00:00:00.000,31081,Hamilton County,NE,46.1
468,2022-03-31T00:00:00.000,31117,McPherson County,NE,14.6
469,2022-03-31T00:00:00.000,31141,Platte County,NE,46.8
470,2022-03-31T00:00:00.000,39041,Delaware County,OH,74.9
471,2022-03-31T00:00:00.000,39073,Hocking County,OH,48
472,2022-03-31T00:00:00.000,39163,Vinton County,OH,39.7
473,2022-03-31T00:00:00.000,40003,Alfalfa County,OK,45.1
474,2022-03-31T00:00:00.000,40021,Cherokee County,OK,47.6
475,2022-03-31T00:00:00.000,42111,Somerset County,PA,48.1
476,2022-03-31T00:00:00.000,45037,Edgefield County,SC,59.6
477,2022-03-31T00:00:00.000,45051,Horry County,SC,56.2
478,2022-03-31T00:00:00.000,45085,Sumter County,SC,56.8
479,2022-03-31T00:00:00.000,46063,Harding County,SD,18.8
480,2022-03-31T00:00:00.000,47025,Claiborne County,TN,44.4
481,2022-03-31T00:00:00.000,48065,Carson County,TX,36.8
482,2022-03-31T00:00:00.000,48293,Limestone County,TX,37.3
483,2022-03-31T00:00:00.000,54103,Wetzel County,WV,57.1
484,2022-03-31T00:00:00.000,02013,Aleutians East Borough,AK,75.2
485,2022-03-31T00:00:00.000,02185,North Slope Borough,AK,38.8
486,2022-03-31T00:00:00.000,05063,Independence County,AR,41.1
487,2022-03-31T00:00:00.000,06035,Lassen County,CA,37.5
488,2022-03-31T00:00:00.000,08033,Dolores County,CO,41.9
489,2022-03-31T00:00:00.000,12071,Lee County,FL,61.5
490,2022-03-31T00:00:00.000,12131,Walton County,FL,48.9
491,2022-03-31T00:00:00.000,13017,Ben Hill County,GA,38.4
492,2022-03-31T00:00:00.000,13063,Clayton County,GA,43.2
493,2022-03-31T00:00:00.000,13071,Colquitt County,GA,39.9
494,2022-03-31T00:00:00.000,13109,Evans County,GA,40.5
495,2022-03-31T00:00:00.000,13185,Lowndes County,GA,39.8
496,2022-03-31T00:00:00.000,10005,Sussex County,DE,67.3
497,2022-03-31T00:00:00.000,12045,Gulf County,FL,51.4
498,2022-03-31T00:00:00.000,12081,Manatee County,FL,61.2
499,2022-03-31T00:00:00.000,12089,Nassau County,FL,57.2
500,2022-03-31T00:00:00.000,13007,Baker County,GA,51.5
501,2022-03-31T00:00:00.000,13083,Dade County,GA,45.2
502,2022-03-31T00:00:00.000,13129,Gordon County,GA,37.5
503,2022-03-31T00:00:00.000,13163,Jefferson County,GA,54
504,2022-03-31T00:00:00.000,13243,Randolph County,GA,46
505,2022-03-31T00:00:00.000,19115,Louisa County,IA,52.7
506,2022-03-31T00:00:00.000,19153,Polk County,IA,67.3
507,2022-03-31T00:00:00.000,17115,Macon County,IL,53.3
508,2022-03-31T00:00:00.000,17147,Piatt County,IL,61.9
509,2022-03-31T00:00:00.000,17199,Williamson County,IL,55.3
510,2022-03-31T00:00:00.000,18033,DeKalb County,IN,42.3
511,2022-03-31T00:00:00.000,18087,LaGrange County,IN,22.4
512,2022-03-31T00:00:00.000,18117,Orange County,IN,55.3
513,2022-03-31T00:00:00.000,21067,Fayette County,KY,66.3
514,2022-03-31T00:00:00.000,21165,Menifee County,KY,44.3
515,2022-03-31T00:00:00.000,22041,Franklin Parish,LA,36.9
516,2022-03-31T00:00:00.000,24013,Carroll County,MD,73.7
517,2022-03-31T00:00:00.000,26135,Oscoda County,MI,41.8
518,2022-03-31T00:00:00.000,27023,Chippewa County,MN,53.1
519,2022-03-31T00:00:00.000,27027,Clay County,MN,59
520,2022-03-31T00:00:00.000,27139,Scott County,MN,69.4
521,2022-03-31T00:00:00.000,27141,Sherburne County,MN,45.9
522,2022-03-31T00:00:00.000,27169,Winona County,MN,64.7
523,2022-03-31T00:00:00.000,29065,Dent County,MO,34
524,2022-03-31T00:00:00.000,29085,Hickory County,MO,38
525,2022-03-31T00:00:00.000,29123,Madison County,MO,39.4
526,2022-03-31T00:00:00.000,28127,Simpson County,MS,44.9
527,2022-03-31T00:00:00.000,28151,Washington County,MS,50.4
528,2022-03-31T00:00:00.000,28161,Yalobusha County,MS,65.1
529,2022-03-31T00:00:00.000,30091,Sheridan County,MT,48.2
530,2022-03-31T00:00:00.000,37013,Beaufort County,NC,54.9
531,2022-03-31T00:00:00.000,37173,Swain County,NC,57
532,2022-03-31T00:00:00.000,38019,Cavalier County,ND,59.8
533,2022-03-31T00:00:00.000,35023,Hidalgo County,NM,58.6
534,2022-03-31T00:00:00.000,36019,Clinton County,NY,72.3
535,2022-03-31T00:00:00.000,39047,Fayette County,OH,43.4
536,2022-03-31T00:00:00.000,39061,Hamilton County,OH,62.6
537,2022-03-31T00:00:00.000,39157,Tuscarawas County,OH,44.2
538,2022-03-31T00:00:00.000,40085,Love County,OK,41.9
539,2022-03-31T00:00:00.000,40119,Payne County,OK,48.6
540,2022-03-31T00:00:00.000,41001,Baker County,OR,70.1
541,2022-03-31T00:00:00.000,41061,Union County,OR,48.9
542,2022-03-31T00:00:00.000,42121,Venango County,PA,45.5
543,2022-03-31T00:00:00.000,42129,Westmoreland County,PA,57.4
544,2022-03-31T00:00:00.000,72063,Gurabo Municipio,PR,70.9
545,2022-03-31T00:00:00.000,46027,Clay County,SD,67.6
546,2022-03-31T00:00:00.000,46057,Hamlin County,SD,46.5
547,2022-03-31T00:00:00.000,47185,White County,TN,42.2
548,2022-03-31T00:00:00.000,48167,Galveston County,TX,59.9
549,2022-03-31T00:00:00.000,48271,Kinney County,TX,51.4
550,2022-03-31T00:00:00.000,48283,La Salle County,TX,64.7
551,2022-03-31T00:00:00.000,48443,Terrell County,TX,53.1
552,2022-03-31T00:00:00.000,51133,Northumberland County,VA,53.8
553,2022-03-31T00:00:00.000,51820,Waynesboro city,VA,43
554,2022-03-31T00:00:00.000,50015,Lamoille County,VT,63
555,2022-03-31T00:00:00.000,50027,Windsor County,VT,49.6
556,2022-03-31T00:00:00.000,55069,Lincoln County,WI,55.2
557,2022-03-31T00:00:00.000,55113,Sawyer County,WI,59.7
558,2022-03-31T00:00:00.000,54027,Hampshire County,WV,45.8
559,2022-03-31T00:00:00.000,56021,Laramie County,WY,55.8
560,2022-03-31T00:00:00.000,56027,Niobrara County,WY,31.4
561,2022-03-31T00:00:00.000,05009,Boone County,AR,37.2
562,2022-03-31T00:00:00.000,05073,Lafayette County,AR,41.5
563,2022-03-31T00:00:00.000,05083,Logan County,AR,46.8
564,2022-03-31T00:00:00.000,UNK,Unknown County,CT,
565,2022-03-31T00:00:00.000,06061,Placer County,CA,67.3
566,2022-03-31T00:00:00.000,09005,Litchfield County,CT,75.2
567,2022-03-31T00:00:00.000,12121,Suwannee County,FL,38
568,2022-03-31T00:00:00.000,13131,Grady County,GA,43.8
569,2022-03-31T00:00:00.000,19095,Iowa County,IA,62.6
570,2022-03-31T00:00:00.000,19129,Mills County,IA,56.1
571,2022-03-31T00:00:00.000,19197,Wright County,IA,57.2
572,2022-03-31T00:00:00.000,17059,Gallatin County,IL,55
573,2022-03-31T00:00:00.000,18073,Jasper County,IN,47.1
574,2022-03-31T00:00:00.000,18179,Wells County,IN,41.5
575,2022-03-31T00:00:00.000,20147,Phillips County,KS,43.1
576,2022-03-31T00:00:00.000,21083,Graves County,KY,45.3
577,2022-03-31T00:00:00.000,21131,Leslie County,KY,51.9
578,2022-03-31T00:00:00.000,21139,Livingston County,KY,49.3
579,2022-03-31T00:00:00.000,21213,Simpson County,KY,50.3
580,2022-03-31T00:00:00.000,21231,Wayne County,KY,41.8
581,2022-03-31T00:00:00.000,22019,Calcasieu Parish,LA,42.3
582,2022-03-31T00:00:00.000,22029,Concordia Parish,LA,43.1
583,2022-03-31T00:00:00.000,26005,Allegan County,MI,52
584,2022-03-31T00:00:00.000,27131,Rice County,MN,62.9
585,2022-03-31T00:00:00.000,29049,Clinton County,MO,47.1
586,2022-03-31T00:00:00.000,29155,Pemiscot County,MO,31.2
587,2022-03-31T00:00:00.000,30027,Fergus County,MT,46.8
588,2022-03-31T00:00:00.000,30041,Hill County,MT,70.3
589,2022-03-31T00:00:00.000,30055,McCone County,MT,17.8
590,2022-03-31T00:00:00.000,37055,Dare County,NC,74.7
591,2022-03-31T00:00:00.000,31087,Hitchcock County,NE,33.8
592,2022-03-31T00:00:00.000,31101,Keith County,NE,37.6
593,2022-03-31T00:00:00.000,31105,Kimball County,NE,34.9
594,2022-03-31T00:00:00.000,31157,Scotts Bluff County,NE,41.5
595,2022-03-31T00:00:00.000,UNK,Unknown County,NM,
596,2022-03-31T00:00:00.000,36021,Columbia County,NY,73.9
597,2022-03-31T00:00:00.000,36071,Orange County,NY,64.4
598,2022-03-31T00:00:00.000,39093,Lorain County,OH,63.4
599,2022-03-31T00:00:00.000,40007,Beaver County,OK,31
600,2022-03-31T00:00:00.000,40029,Coal County,OK,40.5
601,2022-03-31T00:00:00.000,40059,Harper County,OK,45
602,2022-03-31T00:00:00.000,41031,Jefferson County,OR,63
603,2022-03-31T00:00:00.000,42077,Lehigh County,PA,72.3
604,2022-03-31T00:00:00.000,47015,Cannon County,TN,32.1
605,2022-03-31T00:00:00.000,48091,Comal County,TX,61.8
606,2022-03-31T00:00:00.000,48109,Culberson County,TX,52
607,2022-03-31T00:00:00.000,48425,Somervell County,TX,45.4
608,2022-03-31T00:00:00.000,50019,Orleans County,VT,58.5
609,2022-03-31T00:00:00.000,53001,Adams County,WA,59.7
610,2022-03-31T00:00:00.000,54063,Monroe County,WV,48.6
611,2022-03-31T00:00:00.000,05005,Baxter County,AR,46.7
612,2022-03-31T00:00:00.000,05057,Hempstead County,AR,40
613,2022-03-31T00:00:00.000,05081,Little River County,AR,39.4
614,2022-03-31T00:00:00.000,06031,Kings County,CA,50.1
615,2022-03-31T00:00:00.000,06111,Ventura County,CA,71.7
616,2022-03-31T00:00:00.000,13005,Bacon County,GA,30.4
617,2022-03-31T00:00:00.000,13025,Brantley County,GA,26
618,2022-03-31T00:00:00.000,13201,Miller County,GA,54.1
619,2022-03-31T00:00:00.000,19177,Van Buren County,IA,41.9
620,2022-03-31T00:00:00.000,19183,Washington County,IA,56.4
621,2022-03-31T00:00:00.000,17145,Perry County,IL,50.7
622,2022-03-31T00:00:00.000,20111,Lyon County,KS,57.2
623,2022-03-31T00:00:00.000,20195,Trego County,KS,39.2
624,2022-03-31T00:00:00.000,21205,Rowan County,KY,51.5
625,2022-03-31T00:00:00.000,21225,Union County,KY,41.9
626,2022-03-31T00:00:00.000,25025,Suffolk County,MA,72.9
627,2022-03-31T00:00:00.000,24003,Anne Arundel County,MD,76.8
628,2022-03-31T00:00:00.000,26117,Montcalm County,MI,42.3
629,2022-03-31T00:00:00.000,26145,Saginaw County,MI,52.9
630,2022-03-31T00:00:00.000,27005,Becker County,MN,54.2
631,2022-03-31T00:00:00.000,27073,Lac qui Parle County,MN,58.6
632,2022-03-31T00:00:00.000,27145,Stearns County,MN,58.8
633,2022-03-31T00:00:00.000,29111,Lewis County,MO,33.8
634,2022-03-31T00:00:00.000,29137,Monroe County,MO,44.1
635,2022-03-31T00:00:00.000,29205,Shelby County,MO,46.7
636,2022-03-31T00:00:00.000,28055,Issaquena County,MS,40.1
637,2022-03-31T00:00:00.000,30067,Park County,MT,58.4
638,2022-03-31T00:00:00.000,38023,Divide County,ND,40.9
639,2022-03-31T00:00:00.000,38027,Eddy County,ND,51.3
640,2022-03-31T00:00:00.000,38047,Logan County,ND,37
641,2022-03-31T00:00:00.000,31073,Gosper County,NE,39.8
642,2022-03-31T00:00:00.000,31111,Lincoln County,NE,33.1
643,2022-03-31T00:00:00.000,31135,Perkins County,NE,41
644,2022-03-31T00:00:00.000,35043,Sandoval County,NM,71.2
645,2022-03-31T00:00:00.000,32001,Churchill County,NV,53.5
646,2022-03-31T00:00:00.000,39071,Highland County,OH,37.8
647,2022-03-31T00:00:00.000,40061,Haskell County,OK,41.1
648,2022-03-31T00:00:00.000,42041,Cumberland County,PA,69
649,2022-03-31T00:00:00.000,42115,Susquehanna County,PA,46.3
650,2022-03-31T00:00:00.000,72103,Naguabo Municipio,PR,62.5
651,2022-03-31T00:00:00.000,46039,Deuel County,SD,46.2
652,2022-03-31T00:00:00.000,48095,Concho County,TX,50.8
653,2022-03-31T00:00:00.000,48115,Dawson County,TX,34.1
654,2022-03-31T00:00:00.000,48181,Grayson County,TX,44.9
655,2022-03-31T00:00:00.000,48243,Jeff Davis County,TX,53.6
656,2022-03-31T00:00:00.000,51019,Bedford County,VA,44.4
657,2022-03-31T00:00:00.000,51061,Fauquier County,VA,64.1
658,2022-03-31T00:00:00.000,51067,Franklin County,VA,43.4
659,2022-03-31T00:00:00.000,78010,St. Croix Island,VI,
660,2022-03-31T00:00:00.000,53011,Clark County,WA,64.4
661,2022-03-31T00:00:00.000,53071,Walla Walla County,WA,63.3
662,2022-03-31T00:00:00.000,55117,Sheboygan County,WI,62.2
663,2022-03-31T00:00:00.000,02070,Dillingham Census Area,AK,52.2
664,2022-03-31T00:00:00.000,02188,Northwest Arctic Borough,AK,60.4
665,2022-03-31T00:00:00.000,05109,Pike County,AR,41.7
666,2022-03-31T00:00:00.000,08057,Jackson County,CO,45.7
667,2022-03-31T00:00:00.000,13183,Long County,GA,21.3
668,2022-03-31T00:00:00.000,13265,Taliaferro County,GA,50.6
669,2022-03-31T00:00:00.000,13301,Warren County,GA,47.8
670,2022-03-31T00:00:00.000,19069,Franklin County,IA,54.5
671,2022-03-31T00:00:00.000,19127,Marshall County,IA,65.7
672,2022-03-31T00:00:00.000,19185,Wayne County,IA,41.9
673,2022-03-31T00:00:00.000,19187,Webster County,IA,57.4
674,2022-03-31T00:00:00.000,17117,Macoupin County,IL,54.8
675,2022-03-31T00:00:00.000,18019,Clark County,IN,60
676,2022-03-31T00:00:00.000,18067,Howard County,IN,47.1
677,2022-03-31T00:00:00.000,18159,Tipton County,IN,45
678,2022-03-31T00:00:00.000,20197,Wabaunsee County,KS,47.5
679,2022-03-31T00:00:00.000,21071,Floyd County,KY,56.9
680,2022-03-31T00:00:00.000,26139,Ottawa County,MI,57.4
681,2022-03-31T00:00:00.000,27091,Martin County,MN,55.2
682,2022-03-31T00:00:00.000,29061,Daviess County,MO,33
683,2022-03-31T00:00:00.000,29207,Stoddard County,MO,39.5
684,2022-03-31T00:00:00.000,28003,Alcorn County,MS,38.8
685,2022-03-31T00:00:00.000,28019,Choctaw County,MS,36.1
686,2022-03-31T00:00:00.000,28133,Sunflower County,MS,53
687,2022-03-31T00:00:00.000,37023,Burke County,NC,46.7
688,2022-03-31T00:00:00.000,37199,Yancey County,NC,51.2
689,2022-03-31T00:00:00.000,38009,Bottineau County,ND,49.8
690,2022-03-31T00:00:00.000,31165,Sioux County,NE,25
691,2022-03-31T00:00:00.000,31169,Thayer County,NE,47.8
692,2022-03-31T00:00:00.000,31171,Thomas County,NE,24.7
693,2022-03-31T00:00:00.000,36005,Bronx County,NY,74.3
694,2022-03-31T00:00:00.000,36011,Cayuga County,NY,59
695,2022-03-31T00:00:00.000,36117,Wayne County,NY,62.5
696,2022-03-31T00:00:00.000,39057,Greene County,OH,62.7
697,2022-03-31T00:00:00.000,39087,Lawrence County,OH,49.1
698,2022-03-31T00:00:00.000,39105,Meigs County,OH,46.6
699,2022-03-31T00:00:00.000,40103,Noble County,OK,62.2
700,2022-03-31T00:00:00.000,41025,Harney County,OR,45.9
701,2022-03-31T00:00:00.000,72133,Santa Isabel Municipio,PR,73.3
702,2022-03-31T00:00:00.000,UNK,Unknown County,RI,
703,2022-03-31T00:00:00.000,45041,Florence County,SC,54.8
704,2022-03-31T00:00:00.000,45079,Richland County,SC,58.8
705,2022-03-31T00:00:00.000,46121,Todd County,SD,69.2
706,2022-03-31T00:00:00.000,47155,Sevier County,TN,50.1
707,2022-03-31T00:00:00.000,48049,Brown County,TX,41.6
708,2022-03-31T00:00:00.000,48351,Newton County,TX,25.2
709,2022-03-31T00:00:00.000,48435,Sutton County,TX,43.6
710,2022-03-31T00:00:00.000,48467,Van Zandt County,TX,37.9
711,2022-03-31T00:00:00.000,49019,Grand County,UT,67.4
712,2022-03-31T00:00:00.000,51045,Craig County,VA,32.9
713,2022-03-31T00:00:00.000,51169,Scott County,VA,56.2
714,2022-03-31T00:00:00.000,51183,Sussex County,VA,35.3
715,2022-03-31T00:00:00.000,51187,Warren County,VA,36.6
716,2022-03-31T00:00:00.000,51678,Lexington city,VA,39.3
717,2022-03-31T00:00:00.000,51700,Newport News city,VA,51.9
718,2022-03-31T00:00:00.000,53005,Benton County,WA,56.4
719,2022-03-31T00:00:00.000,53009,Clallam County,WA,68.1
720,2022-03-31T00:00:00.000,53053,Pierce County,WA,65.2
721,2022-03-31T00:00:00.000,55011,Buffalo County,WI,50.1
722,2022-03-31T00:00:00.000,55027,Dodge County,WI,52
723,2022-03-31T00:00:00.000,55047,Green Lake County,WI,55.7
724,2022-03-31T00:00:00.000,54009,Brooke County,WV,50
725,2022-03-31T00:00:00.000,54089,Summers County,WV,62.9
726,2022-03-31T00:00:00.000,01105,Perry County,AL,48.5
727,2022-03-31T00:00:00.000,05133,Sevier County,AR,45.4
728,2022-03-31T00:00:00.000,06019,Fresno County,CA,60.8
729,2022-03-31T00:00:00.000,08067,La Plata County,CO,70.3
730,2022-03-31T00:00:00.000,13059,Clarke County,GA,46.3
731,2022-03-31T00:00:00.000,13231,Pike County,GA,32.4
732,2022-03-31T00:00:00.000,19097,Jackson County,IA,52.9
733,2022-03-31T00:00:00.000,16075,Payette County,ID,31.7
734,2022-03-31T00:00:00.000,16087,Washington County,ID,40.2
735,2022-03-31T00:00:00.000,17039,De Witt County,IL,52.9
736,2022-03-31T00:00:00.000,17095,Knox County,IL,59.1
737,2022-03-31T00:00:00.000,18091,LaPorte County,IN,55.8
738,2022-03-31T00:00:00.000,18153,Sullivan County,IN,49.3
739,2022-03-31T00:00:00.000,18155,Switzerland County,IN,30.9
740,2022-03-31T00:00:00.000,20049,Elk County,KS,33.8
741,2022-03-31T00:00:00.000,20161,Riley County,KS,39.1
742,2022-03-31T00:00:00.000,21147,McCreary County,KY,39
743,2022-03-31T00:00:00.000,21187,Owen County,KY,37.6
744,2022-03-31T00:00:00.000,22109,Terrebonne Parish,LA,45.3
745,2022-03-31T00:00:00.000,22115,Vernon Parish,LA,56.2
746,2022-03-31T00:00:00.000,25001,Barnstable County,MA,
747,2022-03-31T00:00:00.000,24039,Somerset County,MD,51.3
748,2022-03-31T00:00:00.000,26103,Marquette County,MI,63.8
749,2022-03-31T00:00:00.000,27029,Clearwater County,MN,41.7
750,2022-03-31T00:00:00.000,27047,Freeborn County,MN,57.4
751,2022-03-31T00:00:00.000,27077,Lake of the Woods County,MN,55.1
752,2022-03-31T00:00:00.000,29007,Audrain County,MO,37.7
753,2022-03-31T00:00:00.000,29077,Greene County,MO,49
754,2022-03-31T00:00:00.000,30031,Gallatin County,MT,58.9
755,2022-03-31T00:00:00.000,30049,Lewis and Clark County,MT,59.1
756,2022-03-31T00:00:00.000,37025,Cabarrus County,NC,56.5
757,2022-03-31T00:00:00.000,38033,Golden Valley County,ND,30
758,2022-03-31T00:00:00.000,38039,Griggs County,ND,46.1
759,2022-03-31T00:00:00.000,38083,Sheridan County,ND,36.2
760,2022-03-31T00:00:00.000,38099,Walsh County,ND,57.7
761,2022-03-31T00:00:00.000,UNK,Unknown County,ND,
762,2022-03-31T00:00:00.000,31181,Webster County,NE,38.4
763,2022-03-31T00:00:00.000,35011,De Baca County,NM,50.4
764,2022-03-31T00:00:00.000,32007,Elko County,NV,42.1
765,2022-03-31T00:00:00.000,39063,Hancock County,OH,50.5
766,2022-03-31T00:00:00.000,39133,Portage County,OH,57.1
767,2022-03-31T00:00:00.000,40069,Johnston County,OK,42.2
768,2022-03-31T00:00:00.000,40145,Wagoner County,OK,46.8
769,2022-03-31T00:00:00.000,41005,Clackamas County,OR,68.5
770,2022-03-31T00:00:00.000,41057,Tillamook County,OR,64.2
771,2022-03-31T00:00:00.000,42011,Berks County,PA,60
772,2022-03-31T00:00:00.000,42093,Montour County,PA,78.3
773,2022-03-31T00:00:00.000,42117,Tioga County,PA,46
774,2022-03-31T00:00:00.000,45033,Dillon County,SC,44.5
775,2022-03-31T00:00:00.000,46079,Lake County,SD,49.8
776,2022-03-31T00:00:00.000,47107,McMinn County,TN,40
777,2022-03-31T00:00:00.000,48069,Castro County,TX,44.4
778,2022-03-31T00:00:00.000,48499,Wood County,TX,42.8
779,2022-03-31T00:00:00.000,49011,Davis County,UT,66.5
780,2022-03-31T00:00:00.000,51005,Alleghany County,VA,39.4
781,2022-03-31T00:00:00.000,51087,Henrico County,VA,54.8
782,2022-03-31T00:00:00.000,51105,Lee County,VA,50.2
783,2022-03-31T00:00:00.000,55067,Langlade County,WI,53.7
784,2022-03-31T00:00:00.000,06093,Siskiyou County,CA,53.5
785,2022-03-31T00:00:00.000,08069,Larimer County,CO,67.7
786,2022-03-31T00:00:00.000,12001,Alachua County,FL,66
787,2022-03-31T00:00:00.000,12065,Jefferson County,FL,59.5
788,2022-03-31T00:00:00.000,13045,Carroll County,GA,37.6
789,2022-03-31T00:00:00.000,13065,Clinch County,GA,39.8
790,2022-03-31T00:00:00.000,13237,Putnam County,GA,43
791,2022-03-31T00:00:00.000,13267,Tattnall County,GA,32.8
792,2022-03-31T00:00:00.000,19141,O'Brien County,IA,50.1
793,2022-03-31T00:00:00.000,16081,Teton County,ID,61.8
794,2022-03-31T00:00:00.000,17013,Calhoun County,IL,51.9
795,2022-03-31T00:00:00.000,18099,Marshall County,IN,44.5
796,2022-03-31T00:00:00.000,18101,Martin County,IN,45.1
797,2022-03-31T00:00:00.000,21155,Marion County,KY,50.2
798,2022-03-31T00:00:00.000,21171,Monroe County,KY,46
799,2022-03-31T00:00:00.000,26007,Alpena County,MI,55.6
800,2022-03-31T00:00:00.000,26069,Iosco County,MI,56.1
801,2022-03-31T00:00:00.000,27109,Olmsted County,MN,76.7
802,2022-03-31T00:00:00.000,30079,Prairie County,MT,37.8
803,2022-03-31T00:00:00.000,30109,Wibaux County,MT,28.5
804,2022-03-31T00:00:00.000,37007,Anson County,NC,46
805,2022-03-31T00:00:00.000,37043,Clay County,NC,53.6
806,2022-03-31T00:00:00.000,37127,Nash County,NC,58
807,2022-03-31T00:00:00.000,37143,Perquimans County,NC,48.1
808,2022-03-31T00:00:00.000,38021,Dickey County,ND,52.5
809,2022-03-31T00:00:00.000,38045,LaMoure County,ND,48.1
810,2022-03-31T00:00:00.000,38079,Rolette County,ND,68.7
811,2022-03-31T00:00:00.000,31003,Antelope County,NE,37.1
812,2022-03-31T00:00:00.000,31145,Red Willow County,NE,36.9
813,2022-03-31T00:00:00.000,32033,White Pine County,NV,53.3
814,2022-03-31T00:00:00.000,39141,Ross County,OH,50.3
815,2022-03-31T00:00:00.000,72009,Aibonito Municipio,PR,91.1
816,2022-03-31T00:00:00.000,72045,Comerio Municipio,PR,73.6
817,2022-03-31T00:00:00.000,72147,Vieques Municipio,PR,85.5
818,2022-03-31T00:00:00.000,45045,Greenville County,SC,55.2
819,2022-03-31T00:00:00.000,46077,Kingsbury County,SD,66.9
820,2022-03-31T00:00:00.000,46119,Sully County,SD,44.4
821,2022-03-31T00:00:00.000,47169,Trousdale County,TN,36.6
822,2022-03-31T00:00:00.000,48141,El Paso County,TX,80.5
823,2022-03-31T00:00:00.000,48285,Lavaca County,TX,41.3
824,2022-03-31T00:00:00.000,48431,Sterling County,TX,40.5
825,2022-03-31T00:00:00.000,48505,Zapata County,TX,59.6
826,2022-03-31T00:00:00.000,49033,Rich County,UT,51.8
827,2022-03-31T00:00:00.000,51171,Shenandoah County,VA,49.1
828,2022-03-31T00:00:00.000,51540,Charlottesville city,VA,50.4
829,2022-03-31T00:00:00.000,55039,Fond du Lac County,WI,55.5
830,2022-03-31T00:00:00.000,54055,Mercer County,WV,53.2
831,2022-03-31T00:00:00.000,54087,Roane County,WV,47.9
832,2022-03-31T00:00:00.000,02290,Yukon-Koyukuk Census Area,AK,77
833,2022-03-31T00:00:00.000,01083,Limestone County,AL,38.8
834,2022-03-31T00:00:00.000,01091,Marengo County,AL,54.2
835,2022-03-31T00:00:00.000,01109,Pike County,AL,42
836,2022-03-31T00:00:00.000,01121,Talladega County,AL,36.4
837,2022-03-31T00:00:00.000,05089,Marion County,AR,35.8
838,2022-03-31T00:00:00.000,06081,San Mateo County,CA,83.4
839,2022-03-31T00:00:00.000,17103,Lee County,IL,59.7
840,2022-03-31T00:00:00.000,17111,McHenry County,IL,66.9
841,2022-03-31T00:00:00.000,18065,Henry County,IN,52
842,2022-03-31T00:00:00.000,20025,Clark County,KS,46.2
843,2022-03-31T00:00:00.000,21121,Knox County,KY,36.3
844,2022-03-31T00:00:00.000,21127,Lawrence County,KY,48.2
845,2022-03-31T00:00:00.000,21167,Mercer County,KY,54.2
846,2022-03-31T00:00:00.000,22065,Madison Parish,LA,45.5
847,2022-03-31T00:00:00.000,22117,Washington Parish,LA,41.8
848,2022-03-31T00:00:00.000,24009,Calvert County,MD,70.8
849,2022-03-31T00:00:00.000,26035,Clare County,MI,46.2
850,2022-03-31T00:00:00.000,29003,Andrew County,MO,38
851,2022-03-31T00:00:00.000,29025,Caldwell County,MO,39.1
852,2022-03-31T00:00:00.000,29071,Franklin County,MO,54.1
853,2022-03-31T00:00:00.000,29121,Macon County,MO,40
854,2022-03-31T00:00:00.000,30005,Blaine County,MT,85.1
855,2022-03-31T00:00:00.000,37017,Bladen County,NC,62.8
856,2022-03-31T00:00:00.000,37033,Caswell County,NC,49.7
857,2022-03-31T00:00:00.000,37117,Martin County,NC,52.1
858,2022-03-31T00:00:00.000,38087,Slope County,ND,11.1
859,2022-03-31T00:00:00.000,31097,Johnson County,NE,54.6
860,2022-03-31T00:00:00.000,31107,Knox County,NE,49.2
861,2022-03-31T00:00:00.000,31185,York County,NE,52
862,2022-03-31T00:00:00.000,39017,Butler County,OH,56.6
863,2022-03-31T00:00:00.000,39019,Carroll County,OH,43.9
864,2022-03-31T00:00:00.000,39137,Putnam County,OH,48.5
865,2022-03-31T00:00:00.000,40009,Beckham County,OK,41.1
866,2022-03-31T00:00:00.000,72003,Aguada Municipio,PR,75.9
867,2022-03-31T00:00:00.000,72027,Camuy Municipio,PR,78.7
868,2022-03-31T00:00:00.000,72031,Carolina Municipio,PR,80.9
869,2022-03-31T00:00:00.000,72039,Ciales Municipio,PR,83.3
870,2022-03-31T00:00:00.000,48067,Cass County,TX,35.1
871,2022-03-31T00:00:00.000,48207,Haskell County,TX,38.5
872,2022-03-31T00:00:00.000,48255,Karnes County,TX,57.3
873,2022-03-31T00:00:00.000,48463,Uvalde County,TX,54.7
874,2022-03-31T00:00:00.000,48493,Wilson County,TX,53.7
875,2022-03-31T00:00:00.000,49003,Box Elder County,UT,51.7
876,2022-03-31T00:00:00.000,53077,Yakima County,WA,62.1
877,2022-03-31T00:00:00.000,54025,Greenbrier County,WV,54.7
878,2022-03-31T00:00:00.000,56003,Big Horn County,WY,39.3
879,2022-03-31T00:00:00.000,01049,DeKalb County,AL,33.7
880,2022-03-31T00:00:00.000,05029,Conway County,AR,53.6
881,2022-03-31T00:00:00.000,05119,Pulaski County,AR,57.9
882,2022-03-31T00:00:00.000,06013,Contra Costa County,CA,81.3
883,2022-03-31T00:00:00.000,06099,Stanislaus County,CA,53.6
884,2022-03-31T00:00:00.000,08075,Logan County,CO,38
885,2022-03-31T00:00:00.000,08109,Saguache County,CO,35.8
886,2022-03-31T00:00:00.000,12113,Santa Rosa County,FL,53.9
887,2022-03-31T00:00:00.000,13001,Appling County,GA,35.7
888,2022-03-31T00:00:00.000,13069,Coffee County,GA,37.1
889,2022-03-31T00:00:00.000,13149,Heard County,GA,28.2
890,2022-03-31T00:00:00.000,13169,Jones County,GA,43.7
891,2022-03-31T00:00:00.000,19013,Black Hawk County,IA,59.9
892,2022-03-31T00:00:00.000,19037,Chickasaw County,IA,54.7
893,2022-03-31T00:00:00.000,19071,Fremont County,IA,52.3
894,2022-03-31T00:00:00.000,19163,Scott County,IA,60.5
895,2022-03-31T00:00:00.000,17099,LaSalle County,IL,58.1
896,2022-03-31T00:00:00.000,08049,Grand County,CO,62.8
897,2022-03-31T00:00:00.000,08113,San Miguel County,CO,82.9
898,2022-03-31T00:00:00.000,12055,Highlands County,FL,52
899,2022-03-31T00:00:00.000,12119,Sumter County,FL,79.5
900,2022-03-31T00:00:00.000,13087,Decatur County,GA,48.8
901,2022-03-31T00:00:00.000,13245,Richmond County,GA,49.3
902,2022-03-31T00:00:00.000,66010,Guam,GU,61.6
903,2022-03-31T00:00:00.000,UNK,Unknown County,GU,
904,2022-03-31T00:00:00.000,19019,Buchanan County,IA,53.4
905,2022-03-31T00:00:00.000,19025,Calhoun County,IA,59.3
906,2022-03-31T00:00:00.000,19077,Guthrie County,IA,58.1
907,2022-03-31T00:00:00.000,17029,Coles County,IL,46.1
908,2022-03-31T00:00:00.000,17053,Ford County,IL,57.8
909,2022-03-31T00:00:00.000,21233,Webster County,KY,45.8
910,2022-03-31T00:00:00.000,24005,Baltimore County,MD,71.1
911,2022-03-31T00:00:00.000,24021,Frederick County,MD,76.7
912,2022-03-31T00:00:00.000,26021,Berrien County,MI,55.7
913,2022-03-31T00:00:00.000,26025,Calhoun County,MI,52.1
914,2022-03-31T00:00:00.000,29015,Benton County,MO,47.5
915,2022-03-31T00:00:00.000,29203,Shannon County,MO,30.5
916,2022-03-31T00:00:00.000,28039,George County,MS,40.2
917,2022-03-31T00:00:00.000,28057,Itawamba County,MS,34.6
918,2022-03-31T00:00:00.000,37089,Henderson County,NC,57.7
919,2022-03-31T00:00:00.000,31043,Dakota County,NE,64
920,2022-03-31T00:00:00.000,UNK,Unknown County,NE,
921,2022-03-31T00:00:00.000,34017,Hudson County,NJ,77.2
922,2022-03-31T00:00:00.000,34041,Warren County,NJ,67.7
923,2022-03-31T00:00:00.000,35021,Harding County,NM,57.8
924,2022-03-31T00:00:00.000,36039,Greene County,NY,62.2
925,2022-03-31T00:00:00.000,39021,Champaign County,OH,45.6
926,2022-03-31T00:00:00.000,39147,Seneca County,OH,48.7
927,2022-03-31T00:00:00.000,72011,Anasco Municipio,PR,75.9
928,2022-03-31T00:00:00.000,45069,Marlboro County,SC,43.6
929,2022-03-31T00:00:00.000,47133,Overton County,TN,35.4
930,2022-03-31T00:00:00.000,48235,Irion County,TX,95
931,2022-03-31T00:00:00.000,48325,Medina County,TX,55.4
932,2022-03-31T00:00:00.000,48371,Pecos County,TX,57.9
933,2022-03-31T00:00:00.000,48441,Taylor County,TX,50.8
934,2022-03-31T00:00:00.000,51036,Charles City County,VA,81.4
935,2022-03-31T00:00:00.000,51119,Middlesex County,VA,62.9
936,2022-03-31T00:00:00.000,51570,Colonial Heights city,VA,36.1
937,2022-03-31T00:00:00.000,50001,Addison County,VT,70.6
938,2022-03-31T00:00:00.000,53023,Garfield County,WA,38.9
939,2022-03-31T00:00:00.000,UNK,Unknown County,WA,
940,2022-03-31T00:00:00.000,55053,Jackson County,WI,49.8
941,2022-03-31T00:00:00.000,55097,Portage County,WI,62
942,2022-03-31T00:00:00.000,56019,Johnson County,WY,43.2
943,2022-03-31T00:00:00.000,56039,Teton County,WY,92
944,2022-03-31T00:00:00.000,02180,Nome Census Area,AK,70.5
945,2022-03-31T00:00:00.000,05043,Drew County,AR,47.9
946,2022-03-31T00:00:00.000,05091,Miller County,AR,31.2
947,2022-03-31T00:00:00.000,04011,Greenlee County,AZ,43.8
948,2022-03-31T00:00:00.000,UNK,Unknown County,AZ,
949,2022-03-31T00:00:00.000,08015,Chaffee County,CO,63.8
950,2022-03-31T00:00:00.000,01085,Lowndes County,AL,50.7
951,2022-03-31T00:00:00.000,06073,San Diego County,CA,70.1
952,2022-03-31T00:00:00.000,08039,Elbert County,CO,37.5
953,2022-03-31T00:00:00.000,08103,Rio Blanco County,CO,38.4
954,2022-03-31T00:00:00.000,12015,Charlotte County,FL,64.9
955,2022-03-31T00:00:00.000,12123,Taylor County,FL,40
956,2022-03-31T00:00:00.000,13029,Bryan County,GA,53.7
957,2022-03-31T00:00:00.000,13073,Columbia County,GA,50.4
958,2022-03-31T00:00:00.000,19107,Keokuk County,IA,46.4
959,2022-03-31T00:00:00.000,19155,Pottawattamie County,IA,57.2
960,2022-03-31T00:00:00.000,17137,Morgan County,IL,54.6
961,2022-03-31T00:00:00.000,UNK,Unknown County,IL,
962,2022-03-31T00:00:00.000,18075,Jay County,IN,38.6
963,2022-03-31T00:00:00.000,18119,Owen County,IN,42.4
964,2022-03-31T00:00:00.000,18173,Warrick County,IN,62.2
965,2022-03-31T00:00:00.000,20023,Cheyenne County,KS,45.7
966,2022-03-31T00:00:00.000,21003,Allen County,KY,39.5
967,2022-03-31T00:00:00.000,21005,Anderson County,KY,55.1
968,2022-03-31T00:00:00.000,21031,Butler County,KY,45.2
969,2022-03-31T00:00:00.000,21033,Caldwell County,KY,52.1
970,2022-03-31T00:00:00.000,22071,Orleans Parish,LA,69.5
971,2022-03-31T00:00:00.000,24027,Howard County,MD,85.5
972,2022-03-31T00:00:00.000,UNK,Unknown County,MD,
973,2022-03-31T00:00:00.000,26077,Kalamazoo County,MI,61.2
974,2022-03-31T00:00:00.000,26115,Monroe County,MI,56.6
975,2022-03-31T00:00:00.000,26127,Oceana County,MI,54
976,2022-03-31T00:00:00.000,27053,Hennepin County,MN,73.8
977,2022-03-31T00:00:00.000,27071,Koochiching County,MN,58.5
978,2022-03-31T00:00:00.000,27155,Traverse County,MN,63.3
979,2022-03-31T00:00:00.000,27173,Yellow Medicine County,MN,56.4
980,2022-03-31T00:00:00.000,29099,Jefferson County,MO,44.6
981,2022-03-31T00:00:00.000,29171,Putnam County,MO,33.2
982,2022-03-31T00:00:00.000,28143,Tunica County,MS,51.6
983,2022-03-31T00:00:00.000,30013,Cascade County,MT,54.3
984,2022-03-31T00:00:00.000,30089,Sanders County,MT,38.3
985,2022-03-31T00:00:00.000,37045,Cleveland County,NC,49.5
986,2022-03-31T00:00:00.000,38065,Oliver County,ND,25.5
987,2022-03-31T00:00:00.000,38077,Richland County,ND,50.9
988,2022-03-31T00:00:00.000,34003,Bergen County,NJ,76.9
989,2022-03-31T00:00:00.000,35051,Sierra County,NM,66.1
990,2022-03-31T00:00:00.000,36045,Jefferson County,NY,73.2
991,2022-03-31T00:00:00.000,39015,Brown County,OH,40.8
992,2022-03-31T00:00:00.000,39091,Logan County,OH,42.7
993,2022-03-31T00:00:00.000,40105,Nowata County,OK,43.4
994,2022-03-31T00:00:00.000,42057,Fulton County,PA,35.8
995,2022-03-31T00:00:00.000,47123,Monroe County,TN,43.2
996,2022-03-31T00:00:00.000,47137,Pickett County,TN,44.5
997,2022-03-31T00:00:00.000,48013,Atascosa County,TX,51.9
998,2022-03-31T00:00:00.000,48063,Camp County,TX,40.4
999,2022-03-31T00:00:00.000,48419,Shelby County,TX,36
1000,2022-03-31T00:00:00.000,49017,Garfield County,UT,56.9
1001,2022-03-31T00:00:00.000,49027,Millard County,UT,45.1
1002,2022-03-31T00:00:00.000,UNK,Unknown County,UT,
1003,2022-03-31T00:00:00.000,51085,Hanover County,VA,58.7
1004,2022-03-31T00:00:00.000,51165,Rockingham County,VA,43
1005,2022-03-31T00:00:00.000,53003,Asotin County,WA,41.1
1006,2022-03-31T00:00:00.000,53049,Pacific County,WA,59
1007,2022-03-31T00:00:00.000,53067,Thurston County,WA,68.9
1008,2022-03-31T00:00:00.000,55081,Monroe County,WI,54
1009,2022-03-31T00:00:00.000,54003,Berkeley County,WV,54.5
1010,2022-03-31T00:00:00.000,UNK,Unknown County,WV,
1011,2022-03-31T00:00:00.000,56041,Uinta County,WY,51
1012,2022-03-31T00:00:00.000,UNK,Unknown County,WY,
1013,2022-03-31T00:00:00.000,17181,Union County,IL,56.5
1014,2022-03-31T00:00:00.000,21211,Shelby County,KY,46.7
1015,2022-03-31T00:00:00.000,22039,Evangeline Parish,LA,38.5
1016,2022-03-31T00:00:00.000,27089,Marshall County,MN,49.7
1017,2022-03-31T00:00:00.000,29055,Crawford County,MO,33.4
1018,2022-03-31T00:00:00.000,29159,Pettis County,MO,42.5
1019,2022-03-31T00:00:00.000,29209,Stone County,MO,37.3
1020,2022-03-31T00:00:00.000,28005,Amite County,MS,39.9
1021,2022-03-31T00:00:00.000,28011,Bolivar County,MS,58.7
1022,2022-03-31T00:00:00.000,28075,Lauderdale County,MS,51.1
1023,2022-03-31T00:00:00.000,30007,Broadwater County,MT,33.5
1024,2022-03-31T00:00:00.000,31017,Brown County,NE,37.1
1025,2022-03-31T00:00:00.000,31077,Greeley County,NE,40.5
1026,2022-03-31T00:00:00.000,31129,Nuckolls County,NE,49.7
1027,2022-03-31T00:00:00.000,40001,Adair County,OK,36.1
1028,2022-03-31T00:00:00.000,40011,Blaine County,OK,46.5
1029,2022-03-31T00:00:00.000,UNK,Unknown County,OK,
1030,2022-03-31T00:00:00.000,72019,Barranquitas Municipio,PR,80.9
1031,2022-03-31T00:00:00.000,72107,Orocovis Municipio,PR,84.8
1032,2022-03-31T00:00:00.000,45027,Clarendon County,SC,48.9
1033,2022-03-31T00:00:00.000,46049,Faulk County,SD,54.7
1034,2022-03-31T00:00:00.000,47095,Lake County,TN,35.1
1035,2022-03-31T00:00:00.000,47113,Madison County,TN,54.3
1036,2022-03-31T00:00:00.000,47117,Marshall County,TN,42.5
1037,2022-03-31T00:00:00.000,48159,Franklin County,TX,36.9
1038,2022-03-31T00:00:00.000,48185,Grimes County,TX,53
1039,2022-03-31T00:00:00.000,48233,Hutchinson County,TX,34.9
1040,2022-03-31T00:00:00.000,48287,Lee County,TX,47
1041,2022-03-31T00:00:00.000,51177,Spotsylvania County,VA,44.2
1042,2022-03-31T00:00:00.000,51595,Emporia city,VA,33
1043,2022-03-31T00:00:00.000,51683,Manassas city,VA,48.1
1044,2022-03-31T00:00:00.000,54061,Monongalia County,WV,58.4
1045,2022-03-31T00:00:00.000,02105,Hoonah-Angoon Census Area,AK,69.8
1046,2022-03-31T00:00:00.000,05045,Faulkner County,AR,51.1
1047,2022-03-31T00:00:00.000,06105,Trinity County,CA,
1048,2022-03-31T00:00:00.000,08031,Denver County,CO,75.5
1049,2022-03-31T00:00:00.000,08035,Douglas County,CO,73.2
1050,2022-03-31T00:00:00.000,08043,Fremont County,CO,44
1051,2022-03-31T00:00:00.000,10001,Kent County,DE,55.6
1052,2022-03-31T00:00:00.000,12063,Jackson County,FL,43.2
1053,2022-03-31T00:00:00.000,13165,Jenkins County,GA,37.7
1054,2022-03-31T00:00:00.000,13167,Johnson County,GA,35.2
1055,2022-03-31T00:00:00.000,13239,Quitman County,GA,33
1056,2022-03-31T00:00:00.000,16041,Franklin County,ID,44.6
1057,2022-03-31T00:00:00.000,17003,Alexander County,IL,33
1058,2022-03-31T00:00:00.000,17165,Saline County,IL,48.3
1059,2022-03-31T00:00:00.000,17169,Schuyler County,IL,55.6
1060,2022-03-31T00:00:00.000,02068,Denali Borough,AK,54
1061,2022-03-31T00:00:00.000,06041,Marin County,CA,88.2
1062,2022-03-31T00:00:00.000,08073,Lincoln County,CO,36
1063,2022-03-31T00:00:00.000,09013,Tolland County,CT,66.6
1064,2022-03-31T00:00:00.000,13101,Echols County,GA,31
1065,2022-03-31T00:00:00.000,13315,Wilcox County,GA,36.4
1066,2022-03-31T00:00:00.000,19147,Palo Alto County,IA,50.7
1067,2022-03-31T00:00:00.000,19169,Story County,IA,62.9
1068,2022-03-31T00:00:00.000,16027,Canyon County,ID,46.2
1069,2022-03-31T00:00:00.000,17033,Crawford County,IL,51.2
1070,2022-03-31T00:00:00.000,17193,White County,IL,51.9
1071,2022-03-31T00:00:00.000,20131,Nemaha County,KS,54.1
1072,2022-03-31T00:00:00.000,20135,Ness County,KS,52.3
1073,2022-03-31T00:00:00.000,20155,Reno County,KS,49.3
1074,2022-03-31T00:00:00.000,21119,Knott County,KY,47.7
1075,2022-03-31T00:00:00.000,21143,Lyon County,KY,58.2
1076,2022-03-31T00:00:00.000,22077,Pointe Coupee Parish,LA,55.3
1077,2022-03-31T00:00:00.000,22125,West Feliciana Parish,LA,88.9
1078,2022-03-31T00:00:00.000,25017,Middlesex County,MA,78.9
1079,2022-03-31T00:00:00.000,23011,Kennebec County,ME,71.4
1080,2022-03-31T00:00:00.000,26037,Clinton County,MI,57.3
1081,2022-03-31T00:00:00.000,29017,Bollinger County,MO,33
1082,2022-03-31T00:00:00.000,30081,Ravalli County,MT,48.5
1083,2022-03-31T00:00:00.000,37145,Person County,NC,55.8
1084,2022-03-31T00:00:00.000,38053,McKenzie County,ND,21.9
1085,2022-03-31T00:00:00.000,34007,Camden County,NJ,68.5
1086,2022-03-31T00:00:00.000,35055,Taos County,NM,81.9
1087,2022-03-31T00:00:00.000,36027,Dutchess County,NY,69.7
1088,2022-03-31T00:00:00.000,42051,Fayette County,PA,56.7
1089,2022-03-31T00:00:00.000,42075,Lebanon County,PA,55.7
1090,2022-03-31T00:00:00.000,72073,Jayuya Municipio,PR,80.6
1091,2022-03-31T00:00:00.000,45029,Colleton County,SC,48.3
1092,2022-03-31T00:00:00.000,46003,Aurora County,SD,54.5
1093,2022-03-31T00:00:00.000,46125,Turner County,SD,53.2
1094,2022-03-31T00:00:00.000,47037,Davidson County,TN,64.8
1095,2022-03-31T00:00:00.000,47165,Sumner County,TN,47.8
1096,2022-03-31T00:00:00.000,47177,Warren County,TN,41.2
1097,2022-03-31T00:00:00.000,48129,Donley County,TX,34.2
1098,2022-03-31T00:00:00.000,48157,Fort Bend County,TX,71.2
1099,2022-03-31T00:00:00.000,48337,Montague County,TX,35.1
